"zcta","sldl22","ZIPName","pop20","afact"
"ZIP census tabulation area","State legislative district, lower (2022)","ZIP Code name","Total population (2020 Census)","zcta-to-sldl22 allocation factor"
" ","005","[not in a ZCTA]",32,0.2092 
" ","017","[not in a ZCTA]",121,0.7908 
"96701","031","Aiea, HI",3372,0.0787 
"96701","032","Aiea, HI",11597,0.2707 
"96701","033","Aiea, HI",27693,0.6465 
"96701","034","Aiea, HI",171,0.004 
"96703","015","Anahola, HI (PO boxes)",2638,1 
"96704","005","Captain Cook, HI",4409,0.6467 
"96704","006","Captain Cook, HI",2409,0.3533 
"96705","017","Eleele, HI (PO boxes)",2536,1 
"96706","039","Ewa Beach, HI",5940,0.074 
"96706","040","Ewa Beach, HI",29919,0.3726 
"96706","041","Ewa Beach, HI",28888,0.3598 
"96706","042","Ewa Beach, HI",15552,0.1937 
"96707","039","Kapolei, HI",31,0.0007 
"96707","041","Kapolei, HI",2649,0.0561 
"96707","042","Kapolei, HI",12485,0.2646 
"96707","043","Kapolei, HI",28804,0.6105 
"96707","044","Kapolei, HI",3212,0.0681 
"96708","013","Haiku, HI",10993,1 
"96710","001","Hakalau, HI (PO boxes)",650,1 
"96712","047","Haleiwa, HI",8259,1 
"96713","013","Hana, HI",2264,1 
"96714","015","Hanalei, HI (PO boxes)",1557,1 
"96716","017","Hanapepe, HI (PO boxes)",2784,1 
"96717","047","Hauula, HI",5379,0.9886 
"96717","048","Hauula, HI",62,0.0114 
"96719","008","Hawi, HI (PO boxes)",2020,1 
"96720","001","Hilo, HI",11541,0.2476 
"96720","002","Hilo, HI",25215,0.5409 
"96720","003","Hilo, HI",9676,0.2076 
"96720","005","Hilo, HI",183,0.0039 
"96722","015","Princeville, HI",2328,1 
"96725","006","Holualoa, HI",2917,0.7125 
"96725","007","Holualoa, HI",1177,0.2875 
"96726","005","Honaunau, HI (PO boxes)",136,1 
"96727","001","Honokaa, HI",4860,0.9739 
"96727","008","Honokaa, HI",130,0.0261 
"96728","001","Honomu, HI (PO boxes)",606,1 
"96729","013","Hoolehua, HI (PO boxes)",1358,1 
"96730","048","Kaaawa, HI",1584,1 
"96731","047","Kahuku, HI",3309,1 
"96732","009","Kahului, HI",26813,0.9748 
"96732","010","Kahului, HI",587,0.0213 
"96732","013","Kahului, HI",107,0.0039 
"96734","049","Kailua, HI",2042,0.0409 
"96734","050","Kailua, HI",31168,0.6243 
"96734","051","Kailua, HI",16712,0.3348 
"96737","005","Ocean View, HI (PO boxes)",4806,1 
"96738","007","Waikoloa, HI",625,0.0839 
"96738","008","Waikoloa, HI",6822,0.9161 
"96740","006","Kailua Kona, HI",16489,0.4313 
"96740","007","Kailua Kona, HI",21745,0.5687 
"96741","017","Kalaheo, HI",6424,1 
"96742","013","Kalaupapa, HI (PO boxes)",82,1 
"96743","001","Kamuela, HI",25,0.0019 
"96743","007","Kamuela, HI",774,0.058 
"96743","008","Kamuela, HI",12540,0.9401 
"96744","048","Kaneohe, HI",25547,0.4424 
"96744","049","Kaneohe, HI",25286,0.4379 
"96744","050","Kaneohe, HI",6913,0.1197 
"96746","015","Kapaa, HI",13246,0.6626 
"96746","016","Kapaa, HI",6745,0.3374 
"96747","017","Kaumakani, HI (PO boxes)",666,1 
"96748","013","Kaunakakai, HI",4441,1 
"96749","003","Keaau, HI",5642,0.2752 
"96749","004","Keaau, HI",14586,0.7114 
"96749","005","Keaau, HI",275,0.0134 
"96750","005","Kealakekua, HI",664,0.1745 
"96750","006","Kealakekua, HI",3142,0.8255 
"96751","015","Kealia, HI (PO boxes)",152,1 
"96752","017","Kekaha, HI (PO boxes)",3900,1 
"96753","011","Kihei, HI",27611,1 
"96754","015","Kilauea, HI",4378,1 
"96755","008","Kapaau, HI (PO boxes)",3613,1 
"96756","016","Koloa, HI",772,0.1339 
"96756","017","Koloa, HI",4994,0.8661 
"96757","013","Kualapuu, HI (PO boxes)",768,1 
"96759","046","Kunia, HI (PO boxes)",479,1 
"96760","003","Kurtistown, HI",2880,0.7341 
"96760","005","Kurtistown, HI",1043,0.2659 
"96761","014","Lahaina, HI",23167,1 
"96762","047","Laie, HI",6316,1 
"96763","013","Lanai City, HI (PO boxes)",3367,1 
"96764","001","Laupahoehoe, HI (PO boxes)",649,1 
"96765","017","Lawai, HI (PO boxes)",767,1 
"96766","016","Lihue, HI",16937,1 
"96768","012","Makawao, HI",18093,0.9774 
"96768","013","Makawao, HI",419,0.0226 
"96769","017","Makaweli, HI (PO boxes)",296,1 
"96770","013","Maunaloa, HI (PO boxes)",720,1 
"96771","003","Mountain View, HI",2779,0.3276 
"96771","005","Mountain View, HI",5704,0.6724 
"96772","005","Naalehu, HI (PO boxes)",2579,1 
"96773","001","Ninole, HI (PO boxes)",412,1 
"96774","001","Ookala, HI (PO boxes)",281,1 
"96776","001","Paauilo, HI (PO boxes)",1782,1 
"96777","005","Pahala, HI (PO boxes)",1559,1 
"96778","003","Pahoa, HI",4193,0.2855 
"96778","004","Pahoa, HI",10494,0.7145 
"96779","009","Paia, HI",19,0.0064 
"96779","013","Paia, HI",2973,0.9936 
"96780","001","Papaaloa, HI (PO boxes)",548,1 
"96781","001","Papaikou, HI",1670,1 
"96782","033","Pearl City, HI",1154,0.0308 
"96782","034","Pearl City, HI",28764,0.7683 
"96782","035","Pearl City, HI",7315,0.1954 
"96782","037","Pearl City, HI",204,0.0054 
"96783","001","Pepeekeo, HI",2222,1 
"96785","005","Volcano, HI (PO boxes)",4125,1 
"96786","046","Wahiawa, HI",38330,0.93 
"96786","047","Wahiawa, HI",2887,0.07 
"96789","037","Mililani, HI",20108,0.3674 
"96789","038","Mililani, HI",28874,0.5276 
"96789","039","Mililani, HI",5,0.0001 
"96789","046","Mililani, HI",5745,0.105 
"96790","011","Kula, HI",6,0.0007 
"96790","012","Kula, HI",9109,0.9993 
"96791","046","Waialua, HI",2468,0.309 
"96791","047","Waialua, HI",5519,0.691 
"96792","044","Waianae, HI",24641,0.4742 
"96792","045","Waianae, HI",27324,0.5258 
"96793","009","Wailuku, HI",1364,0.0427 
"96793","010","Wailuku, HI",26410,0.8269 
"96793","014","Wailuku, HI",4165,0.1304 
"96795","051","Waimanalo, HI",11064,1 
"96796","017","Waimea, HI (PO boxes)",2057,1 
"96797","035","Waipahu, HI",20982,0.2686 
"96797","036","Waipahu, HI",27096,0.3469 
"96797","037","Waipahu, HI",7663,0.0981 
"96797","039","Waipahu, HI",22363,0.2863 
"96797","046","Waipahu, HI",5,0.0001 
"96813","025","Honolulu, HI",13796,0.504 
"96813","026","Honolulu, HI",4597,0.1679 
"96813","027","Honolulu, HI",8163,0.2982 
"96813","028","Honolulu, HI",816,0.0298 
"96814","023","Honolulu, HI",5635,0.2266 
"96814","024","Honolulu, HI",2522,0.1014 
"96814","025","Honolulu, HI",14364,0.5776 
"96814","026","Honolulu, HI",2349,0.0945 
"96815","020","Honolulu, HI",8316,0.2889 
"96815","024","Honolulu, HI",20470,0.7111 
"96816","019","Honolulu, HI",3352,0.065 
"96816","020","Honolulu, HI",18711,0.3627 
"96816","021","Honolulu, HI",27188,0.527 
"96816","022","Honolulu, HI",769,0.0149 
"96816","023","Honolulu, HI",1566,0.0304 
"96817","025","Honolulu, HI",21,0.0004 
"96817","027","Honolulu, HI",19397,0.3414 
"96817","028","Honolulu, HI",26426,0.4651 
"96817","029","Honolulu, HI",4479,0.0788 
"96817","030","Honolulu, HI",6500,0.1144 
"96818","030","Honolulu, HI",8438,0.1627 
"96818","031","Honolulu, HI",30318,0.5847 
"96818","032","Honolulu, HI",13095,0.2526 
"96819","028","Honolulu, HI",260,0.0049 
"96819","029","Honolulu, HI",23103,0.4332 
"96819","030","Honolulu, HI",19503,0.3657 
"96819","031","Honolulu, HI",252,0.0047 
"96819","032","Honolulu, HI",10216,0.1915 
"96820","030","Honolulu, HI (PO boxes)",16,1 
"96821","019","Honolulu, HI",19727,1 
"96822","022","Honolulu, HI",21852,0.5174 
"96822","026","Honolulu, HI",20379,0.4826 
"96825","018","Honolulu, HI",27341,0.8778 
"96825","019","Honolulu, HI",3806,0.1222 
"96826","022","Honolulu, HI",4396,0.1461 
"96826","023","Honolulu, HI",19829,0.6589 
"96826","024","Honolulu, HI",5425,0.1803 
"96826","026","Honolulu, HI",442,0.0147 
"96848","022","Honolulu, HI",475,1 
"96850","025","Honolulu, HI",6,1 
"96853","030","Jbphh, HI",347,1 
"96857","046","Schofield Barracks, HI",4058,1 
"96858","032","Fort Shafter, HI",424,1 
"96860","031","Jbphh, HI",5025,1 
"96863","050","Mcbh Kaneohe Bay, HI",2458,1 
